BestandId;Autor;Titel;Land;Genre
1;Achmatowa, Anna;Poem ohne Held - Erinnerungen an Anna Achmatowa;Russland;Materialien
2;Adiga, Aravind;Zwischen den Attentaten;Indien;Roman
3;Adunka, Evelyn;Der Raub der Bücher. Über Verschwinden und Vernichten von Bibliotheken in der NS-Zeit und ihre Restitution nach 1945;Österreich;Roman
4;Ackroyd, Peter;Das Tagebuch des Oscar Wilde;Grossbritannien;Roman
5;Albee, Edward ;Wer hat Angst vor Virginia Woolf?;USA;Theaterstück
6;Alberto, Eliseo;Die Geschichte von José;Kuba;Roman
7;Alejchem, Scholem;Tewje, der Milchmann/ Der Fortschritt in Kasrilewke;Ukraine;Roman
8;Alexander, Herbert;Achtung, Achtung! Hier ist der kleine Muck;Deutschland;Kinderbuch
9;Allen, Woody;Nebenwirkungen;USA;Erzählungen
10;Allen, Woody;Ohne Leit kein Freud;USA;Erzählungen
11;Allen, Woody;Wie du dir, so ich mir;USA;Erzählungen
12;Allende, Isabel ;Fortunas Tochter;Chile;Roman
13;Allende, Isabel ;Eine Rache;Chile;Roman
14;Allende, Isabel ;Von Liebe und Schatten;Chile;Roman
15;Allende, Isabel ;Aphrodite. Eine Feier der Sinne;Chile;Geschichten/Rezepte
16;Almagor, Gila;Auf dem Hügel unter dem Maulbeerbaum;Israel;Roman
17;Amis, Martin;Information;Grossbritannien;Roman
18;Amis, Martin;Gierig;Grossbritannien;Roman
19;Andreas-Salomé, Lou;Lebensrückblick;Deutschland;Biographie
20;Anonyma;Eine Frau in Berlin: Tagebuchaufzeichnungen vom 20. April bis 22. Juni 1945;Deutschland;Erfahrungsbericht
21;Appelfeld, Aharon;Zeit der Wunder;Israel;Roman
22;Appelfeld, Aharon;Tzili;Israel;Roman
23;Arafat, Suha;Ich bin eine Tochter Palästinas;Israel;Autobiographie
24;Arcan, Nelly;Hure;Frankreich;Roman
25;Arenas, Reinaldo;Bevor es Nacht wird;Kuba;Autobiographie
26;Arjouni, Jakob;Ein Mann, ein Mord;Deutschland;Roman
27;Arjouni, Jakob;Happy Birthday, Türke!;Deutschland;Roman
28;Arjouni, Jakob;Chez Max;Deutschland;Roman
29;Arnold, H.L. |  Detering, H.;Grundzüge der Literaturwissenschaft;Deutschland;Fachliteratur
30;Arnold, Heinz Ludwig ;"Text + Kritik; Die andere Sprache: Neue DDR-Literatur der 80er Jahre";Deutschland;Sonstiges - Literatur
31;Arnold, Heinz Ludwig ;"Text + Kritik; Bestandsaufnahme Gegenwartsliteratur (BDR, DDR, Österreich, Schweiz)";Deutschland;Sonstiges - Literatur
32;Aron, Jean-Paul| Kempf, Roger;Der sittliche Verfall;Frankreich;Essay
33;Asscher, Maarten ;Julia und der Balkon;Niederlande;Roman
34;Astre, Georges-Albert ;Hemingway ;Frankreich;Biographie
35;Atwood, Margaret;Der Report der Magd;Kanada;Roman
36;Atwood, Margaret;Gute Knochen;Kanada;Geschichten
37;Atwood, Margaret;Alias Grace;Kanada;Roman
38;Atwood, Margaret;Der lange Traum;Kanada;Roman
39;Atwood, Margaret;Verletzungen;Kanada;Roman
40;Atwood, Margaret;Moralische Unordnung;Kanada;Roman
41;Atwood, Margaret;Die Giftmischer;Kanada;Stories
42;Atwood, Margaret;Tipps für die Wildnis;Kanada;Stories
43;Auerbach, Jessica;Aber Mutter weinet sehr...;USA;Roman
44;Austen, Jane;Vernunft und Gefühl;Grossbritannien;Roman
45;Auster, Paul;Die Musik des Zufalls;USA;Roman
46;Auster, Paul;Von der Hand in den Mund;USA;Roman
47;Auster, Paul;Nacht des Orakels;USA;Roman
48;Auster, Paul;Mr. Vertigo;USA;Roman
49;Auster, Paul;Mein New York;USA;Roman
50;Auster, Paul;Schlagschatten;USA;Roman
51;Auster, Paul;Das Buch der Illusionen;USA;Roman
52;Auster, Paul;Im Land der letzten Dinge;USA;Roman
53;Auster, Paul;Die Erfindung der Einsamkeit;USA;Roman
54;Auster, Paul;Die Brooklyn-Revue;USA;Roman
55;Auster, Paul;Reisen ins Skriptorium;USA;Roman
56;Axelsson, Majgull;Die Aprilhexe;Schweden;Roman
57;Axelsson, Majgull;Augustas Haus;Schweden;Roman
58;Axline, Virginia M. ;Dibs;USA;Erfahrungsbericht
59;Bachmann, Ingeborg|  Jelinek, Elfriede;Isabelle Huppert in Malina;Österreich;Filmbuch
60;Baker, Nicholson ;Eine Schachtel Streichhölzer;USA;Texte
61;Baker, Nicholson ;Der Eckenknick;USA;Sachroman
62;Banbury, Jen;Von einer, die auszog;USA;Roman
63;Banciu, Carmen Francesca ;Ein Land voller Helden;Rumänien;Roman
64;Bandini, Pietro;Die Rückkehr der Engel;Italien;Sachbuch
65;Baricco, Alessandro;Seide;Italien;Roman
66;Barnes, Julian;Arthur & George;Grossbritannien;Roman
67;Barnes, Julian;Eine Geschichte der Welt in 10 1/2 Kapiteln;Grossbritannien;Roman
68;Barth, Heinz;Der Schnappsack;Deutschland;Kinderbuch
69;Bartlett Haas, Robert;Lesebuch Gertrude Stein;USA;Sonstiges - Literatur
70;Baum, Vicki;Verpfändetes Leben;Deutschland;Roman
71;Baum, Vicki;Menschen im Hotel;Deutschland;Roman
72;Baum, Vicki;Hotel Shanghai;Deutschland;Roman
73;Becker, Jurek;Bronsteins Kinder;Deutschland;Roman
74;Beckett, Samuel;Warten auf Godot;Irland;Theaterstück
75;Beckett, Samuel;Warten auf Godot (dreisprachig:deutsch, englisch, französisch);Irland;Theaterstück
76;Begley, Louis ;Wie Max es sah;USA;Roman
77;Begley, Louis ;Schmidt ;USA;Roman
78;Beigbeder, Frederic;Neununddreissigneunzig;Frankreich;Roman
79;Beigbeder, Frederic;Letzte Inventur vor dem Ausverkauf;Frankreich;Literaturkritik
80;Belli, Gioconda ;Bewohnte Frau;Kolumbien;Roman
81;Bello, Antoine;Lobrede auf das fehlende Teil;USA;Roman
82;Bellow, Saul;Das Opfer;USA;Roman
83;Bellow, Saul;Mr. Sammlers Planet;USA;Roman
84;Bellow, Saul;Mosbys Memoiren;USA;Roman
85;Bellow, Saul;Der Mann in der Schwebe;USA;Roman
86;Bellow, Saul;Herzog;USA;Roman
87;Bellow, Saul;Die einzig Wahre;USA;Roman
88;Bender, Ernst (Hg.);Deutsche Dichtung der Neuzeit;Deutschland;Gedichtsammlung
89;Bennett, Ronan;Über den dunklen Fluß;Irland;Roman
90;Bentz, Hans G. ;Zwei Töchter auf Pump;Deutschland;Roman
91;Berberova, Nina;Das Buch vom dreifachen Glück;Russland;Roman
92;Berkéwicz, Ulla;Engel sind schwarz und weiß ;Deutschland;Roman
93;Berkéwicz, Ulla;Ich weiß, daß du weißt;Deutschland;Roman
94;Berling, Peter;Die Kinder des Gral;Deutschland;Roman
95;Bernhard, Thomas;Der Untergeher;Österreich;Roman
96;Bibliothek der Meisterwerke;Oper - Operette - Musical;Deutschland;Lexikon
97;Bibliothek der Meisterwerke;Sinfonien - Konzerte - Ouvertüren;Deutschland;Lexikon
98;Bibliothek der Meisterwerke;Schauspiel;Deutschland;Lexikon
99;Bierce, Ambrose;Des Teufels Wörterbuch;USA;Sonstiges
100;Biller, Maxim ;Wenn ich einmal reich und tot bin;Deutschland;Erzählungen
101;Bioy Casares, Adolfo;Liebesgeschichten ;Argentinien;Kurzgeschichten
102;Bjoernstad, Ketil;Villa Europa;Norwegen;Roman
103;Blatter, Silvio;Schaltfehler;Deutschland;Roman
104;Boccaccio, Giovanni;Das Dekameron (Band 2);Italien;Erzählungen
105;Bodmer, Frederick ;Die Sprachen der Welt;Schweiz;Fachliteratur
106;Bohn, Volker;Deutsche Literatur seit 1945;Deutschland;Sekundärliteratur
107;Bolano, Roberto;Die wilden Detektive;Chile;Roman
108;Borchert, Wolfgang;Draußen vor der Tür;Deutschland;Drama
109;Bourdain, Anthony;Geständnisse eines Küchenchefs;USA;Erfahrungen
110;Bourdain, Anthony;Ein Küchenchef reist um die Welt. Auf der Jagd nach dem perfekten Genuß.;USA;Erfahrungen/Reise
111;Boyd, William;Ruhelos;Großbritannien;Roman
112;Bradbury, Ray;Familientreffen;USA;Erzählungen
113;Bradbury, Ray;Das Böse kommt auf leisen Sohlen;USA;Roman
114;Bradbury, Ray;Die goldenen Äpfel der Sonne;USA;Erzählungen
115;Bradbury, Ray;Fahrenheit 451;USA;Roman
116;Bradbury, Ray;Lange nach Mitternacht;USA;Erzählungen
117;Brecht, Bertolt;Dreigroschenbuch;Deutschland;Theaterstück
118;Brecht, Bertolt;Über Lyrik;Deutschland;Fachliteratur
119;Brecht, Bertolt;Der gute Mensch von Sezuan;Deutschland;Theaterstück
120;Brecht, Bertolt;Die Gewehre der Frau Carrar;Deutschland;Theaterstück
121;Brett, Lily ;Zu viele Männer;USA;Roman
122;Brett, Lily ;Einfach so;USA;Roman
123;Brett, Lily ;Zu sehen;USA;Roman
124;Brett, Lily ;New York;USA;Erzählungen
125;Briggs, Katharine| Michaelis, Ruth;Englische Märchen;Grossbritannien;Erzählungen
126;Broks, Paul;Ich denke, also bin ich tot;Großbritannien;Geschichten
127;Brown, James;Die L.A. Tagebücher;USA ;Roman
128;Brown, Rita Mae ;Galopp ins Glück;USA;Roman
129;Brown, Rita Mae ;Rubinroter Dschungel;USA;Autobiographie
130;Brumlik, Micha;Deutscher Geist und Judenhaß;Deutschland;Sachbuch
131;Bryson, Bill;Frühstück mit Känguruhs;USA;Reisebericht
132;Bryson, Bill;Streifzüge durch das Abendland;USA;Reisebericht
133;Bryson, Bill;Streiflichter aus Amerika;USA;Reisebericht
134;Bryson, Bill;Reif für die Insel;USA;Reisebericht
135;Büchner, Barbara;Kopfkönig;Deutschland;Roman
136;Büchner, Georg;Dantons Tod;Deutschland;Theaterstück
137;Budnitz, Judy;Das Echo meiner Schritte;USA;Roman
138;Buford, Bill;Hitze;USA;Erfahrungsbericht
139;Bukowski, Charles;Das Liebesleben der Hyäne;USA;Roman
140;Bukowski, Charles;Die Ochsentour;USA;Roman
141;Bukowski, Charles;Der Mann mit der Ledertasche;USA;Roman
142;Bukowski, Charles;Ausgeträumt;USA;Roman
143;Bukowski, Charles;Faktotum;USA;Roman
144;Bukowski, Charles| Matt, Bernhard;Charles Bukowski. Ein Reader;USA;Collection
145;Burchill, Julie;Verdammt, ich hatte recht;Grossbritannien;Autobiographie
146;Burnett, Frances H.;Der geheime Garten;USA;Roman
147;Burroughs, Augusten;Trocken!;USA;Roman
148;Burroughs, Augusten;Teleshop!;USA;Roman
149;Burroughs, William S.;The Naked Lunch;USA;Roman
150;Buss, Louis ;Der Luxus des Exils;Frankreich;Roman
151;Byatt, Antonia S.;Die Verwandlung des Schmetterlings;Grossbritannien;Roman
152;Byatt, Antonia S.;Besessen;Grossbritannien;Roman
153;Cabré, Jaume;Die Stimmen des Flusses;Spanien;Roman
154;Caldwell, Taylor;Die Turnbulls;USA;Roman
155;Camartin, Iso;Die Bibliothek von Pila;Schweiz;Sonstiges - Literatur
156;Camus, Albert;Der erste Mensch;Frankreich;Roman
157;Camus, Albert;Der Fall;Frankreich;Autobiographischer Roman
158;Camus, Albert;Der Fremde;Frankreich;Roman
159;Camus, Albert;Die Pest;Frankreich;Roman
160;Camus, Albert;Tagebuch 1951-1959;Frankreich;Tagebuch
161;Capote, Truman;Die Grasharfe;USA;Erzählung
162;Capote, Truman;Kaltblütig;USA;Roman
163;Carle, Eric;Die kleine Raupe Nimmersatt;USA;Kinderbuch
164;Carol Oates, Joyce;Der Zorn des Engels;USA;Roman
165;Carroll, Lewis;Alice hinter den Spiegeln;Grossbritannien;Roman
166;Carroll, Lewis;Alice im Wunderland;Grossbritannien;Roman
167;Carver, Raymond;Würdest du bitte endlich still sein, bitte;USA;Erzählungen
168;Casanova, Giacomo;Memoiren. Geschichte meines Lebens;Italien;Autobiographie
169;Cavigelli, Franz| Senn, Fritz, v. Planta, Anna [Hrsg.];Patricia Highsmith, Leben und Werk;USA;Biographie
170;Cechov, Anton;Drei Schwestern;Russland;Theaterstück
171;Cechov, Anton;Onkel Vanja;Russland;Theaterstück
172;Celan, Paul;Ich hörte sagen (Gedichte);Rumänien;Lyrik
173;Chabon, Michael;Die unglaublichen Abenteur von Kavalier und Clay;USA;Roman
174;Chacel, Rosa;Teresa;Spanien;Roman
175;Chase, Truddi;Aufschrei;USA;Sonstiges
176;Christie, Agatha;Mord in Mesopotamien;Grossbritannien;Roman
177;Clark, Susanna;Jonathan Strange & Mr. Norrell;Grossbritannien;Roman
178;Claudel, Philippe ;Die grauen Seelen;Frankreich;Roman
179;Clinton, Hilary Rodham ;Gelebte Geschichte;USA;Autobiographie
180;Coetzee, J.M.;Die jungen Jahre;Südafrika;Roman
181;Coetzee, J.M.;Warten auf die Barbaren;Südafrika;Roman
182;Coetzee, J.M.;Schande;Südafrika;Roman
183;Coetzee, J.M.;Was ist ein Klassiker?;Südafrika;Essays
184;Cooper, T;Lipshitz;USA;Roman
185;Corbeil, Carole;Der Rest ist Liebe;Kanada;Roman
186;Cortázar, Julio;Ende der Etappe;Argentinien;Erzählungen
187;Cortázar, Julio;Südliche Autobahn;Argentinien;Erzählungen
188;Cortázar, Julio;Die Nacht auf dem Rücken;Argentinien;Erzählungen
189;Cortázar, Julio;Beleuchtungswechsel;Argentinien;Erzählungen
190;Cosic, Bora;Die Rolle meiner Familie in der Weltrevolution;Serbien;Roman
191;Costello, Mark;Paranoia;USA;Roman
192;Crick, Mark;Die Suppe des Herrn K: Eine vollständige Geschichte der Weltliteratur in 15 Rezepten ;Grossbritannien;Erzählungen
193;Crosland, Margaret;Piaf ;USA;Biographie
194;Cruz Smith, Martin;Nacht in Havanna;USA;Roman
195;Cunningham, Michael;Die Stunden;USA;Roman
196;Curtin, Michael;Club der Weihnachtshasser;Irland;Roman
197;CUS;Der Coup, die Kuh, das Q;Deutschland;Sachbuch
198;Dahl, Roald;Küßchen, Küßchen;Großbritannien;Erzählungen
199;Damerau, Burghard;Literatur und andere Wahrheiten;Deutschland;Essays
200;Dannemann, Rüdiger;Georg Lukács;Deutschland;Sekundärliteratur
201;Danto, Arthur C.;Sartre;Deutschland;Biographie
202;Daschkowa, Polina;Die leichten Schritte des Wahnsinns;Russland;Roman
203;Davenport, Kiana;Haifischfrauen;USA;Roman
204;de Balzac, Honoré;Verlorene Illusionen u.a. Werke (Die menschliche Komödie V);Frankreich;Reisebericht
205;de Balzac, Honoré;Die Frau von 30 Jahren;Frankreich;Reisebericht
206;de Beauvoir, Simone;Die Welt der schönen Bilder;Frankreich;Roman
207;de Beauvoir, Simone;Alle Menschen sind sterblich;Frankreich;Roman
208;de Beauvoir, Simone;Briefe an Sarte 1930-1939;Frankreich;Briefe
209;de Graaf, Hermine;Stella Klein;Niederlande;Reisebericht
210;de Jong, Oek;In der äussersten Finsternis;Niederlande;Roman
211;de Moor, Margriet;Der Virtuose;Niederlande;Roman
212;de Moor, Margriet;Erst grau, dann weiss, dann blau;Niederlande;Roman
213;de Moor, Margriet;Kreutzersonate;Niederlande;Roman
214;de Moor, Margriet;Sturmflut;Niederlande;Roman
215;de Saint-Exupéry, Antoine;Der kleine Prinz;Frankreich;Erzählung
216;de Saint-Exupéry, Antoine;Le Petit Prince;Frankreich;Erzählung
217;DeCarlo, Andrea;Creamtrain;Italien;Roman
218;DeCarlo, Andrea;Macno;Italien;Roman
219;DeCarlo, Andrea;Arcodamore;Italien;Roman
220;DeCarlo, Andrea;Die ganz grosse Nummer;Italien;Roman
221;DeCrescenzo, Luciano;Mein Doppelgänger und ich;Italien;Roman
222;Deissler, Alfons;Die Grundbotschaft des Alten Testaments;Deutschland;Fachliteratur
223;DeLillo, Don;Americana;USA;Roman
224;deWinter, Leon;Hoffmans Hunger;Niederlande;Roman
225;deWinter, Leon;Leo Kaplan;Niederlande;Roman
226;deWinter, Leon;SuperTex;Niederlande;Roman
227;deWinter, Leon;Zionoco;Niederlande;Roman
228;Di Trocchio, Federico;Der große Schwindel (Betrug und Fälschung in der Wissenschaft);Italien;Sachbuch
229;Demirkan, Renan;Schwarzer Tee mit drei Stück Zucker;Deutschland;Roman
230;Denby, David;Große Bücher;USA;Sonstiges - Literatur
231;Dichter, Wilhelm;Das Pferd Gottes;Polen;Roman
232;Dickens, Charles;David Copperfield;Grossbritannien;Roman
233;Dickens, Charles;Große Erwartungen;Grossbritannien;Roman
234;Dickens, Charles;Weihnachtserzählungen;Grossbritannien;Erzählungen
235;Didion, Joan;Das Jahr des magischen Denkens;USA;Roman
236;Diesel, Eugen;Diesel - Der Mensch, das Werk, das Schicksal;Deutschland;Biographie
237;Dirks, Liane ;Vier Arten meinen Vater zu beerdigen;Deutschland;Roman
238;Djebar, Assia;Die Schattenkönigin;Algerien;Roman
239;Djian, Philippe;Verraten und Verkauft;Frankreich;Roman
240;Djian, Philippe;Krokodile;Frankreich;Roman
241;Djian, Philippe;Betty Blue;Frankreich;Roman
242;Djian, Philippe;Erogene Zone;Frankreich;Roman
243;Djian, Philippe;Heißer Herbst;Frankreich;Roman
244;Djian, Philippe;Kriminelle;Frankreich;Roman
245;Djian, Philippe;Schwarze Tage, weiße Nächte;Frankreich;Roman
247;Doctorow, E.L.;City of God;USA;Roman
248;Dorn, Thea;Berliner Aufklärung;Deutschland;Roman
249;Dorn, Thea;Die neue F-Klasse;Deutschland;Interviews
250;Dos Passos, John;Manhattan Transfer;USA (Portugal);Roman
251;Dostojewski, Fjodor M.;Der Idiot;Russland;Roman
252;Dostojewski, Fjodor M.;Der Jüngling;Russland;Roman
253;Dostojewski, Fjodor M.;Die Brüder Karamasow;Russland;Roman
254;Dostojewski, Fjodor M.;Schuld und Sühne;Russland;Roman
255;Dostojewski, Fjodor M.;Die Dämonen;Russland;Roman
256;Dostojewski, Fjodor M.;Romane und Erzählungen I;Russland;Romane/Erzählungen
257;Dostojewski, Fjodor M.;Romane und Erzählungen II;Russland;Romane/Erzählungen
258;Doyle, Roddy;Die Frau, die gegen Türen rannte;Irland;Roman
259;Doyle, Roddy bis McCourt, Frank (15 irische Autoren);Yeats ist tot!;Irland;Roman
260;Drewermann, Eugen;Lieb Schwesterlein, lass mich herein;Deutschland;Sachbuch
261;Droysen, Johann Gustav ;Geschichte Alexanders des Großen;Deutschland;Sachbuch
262;Dufour, Pierre;Die Geschichte der Prostitution (Teil 1 u. 2);Frankreich;Sachbuch
263;Dumas, Alexandre;Die Kameliendame;Frankreich;Roman
264;Duras, Marguerite ;Blaue Augen, schwarzes Haar;Frankreich (Indochina);Roman
265;Duras, Marguerite ;Der Liebhaber;Frankreich (Indochina);Roman
266;Durlacher, Jessica;Das Gewissen;Niederlande;Roman
267;Dürrenmatt, Friedrich;Der Richter und sein Henker;Schweiz;Theaterstück
268;Dürrenmatt, Friedrich;Der Richter und sein Henker;Schweiz;Theaterstück
269;Dürrenmatt, Friedrich;Minotaurus/Der Auftrag/Midas;Schweiz;Ballade/Novellen
270;Dürrenmatt, Friedrich;Der Besuch der alten Dame;Schweiz;Theaterstück
271;Duve, Karen;Taxi;Deutschland;Roman
272;Easton Ellis, Bret;Unter Null;USA;Roman
273;Eberstadt, Fernanda;Liebeswut;USA;Roman
274;Eco, Umberto;Platon im Striptease-Lokal;Italien;Essays
275;Eco, Umberto;Das Focaultsche Pendel;Italien;Roman
276;Eco, Umberto;Sämtliche Glossen und Parodien;Italien;Sonstiges
277;Eco, Umberto;Der Name der Rose;Italien;Roman
278;Eco, Umberto;Die geheimnisvolle Flamme der Königin Loana;Italien;Roman
279;Eco, Umberto;Die Insel des vorherigen Tages;Italien;Roman
280;Edelfeldt, Inger;Der gute Mörder;Schweden;Roman
281;Edwards, Jorge;Der Ursprung der Welt;Chile;Roman
282;Eggers, Dave;Ein herzzerreissendes Werk von umwerfender Genialität. Eine wahre Geschichte;USA;Roman
283;Eichborn;Alle Wege führen zu Dir. Landschaften der Liebe;Deutschland;Sonstiges 
284;Eisenberg, Deborah;Wie es mit Chris war;USA;Erzählungen
285;Eliade, Mircea;Der besessene Bibliothekar;Rumänien;Roman
286;Endore, Guy;König von Paris;USA;Roman
287;Enzensberger, Hans Magnus ;Der Zorn altert, die Ironie ist unsterblich;Deutschland;Sonstiges - Literatur
288;Enzensberger, Hans Magnus ;Allerleirauh. Viele schöne Kinderreime;Deutschland;Sonstiges - Literatur
289;Erdrich, Louise;Von Büchern und Inseln;USA;Roman
290;Erdrich, Louise;Spuren;USA;Roman
291;Erdrich, Louise;Der Klang der Trommel;USA;Roman
292;Esquivel, Laura;Bittersüße Schokolade;Mexiko;Roman
293;Esquivel, Laura;Das Gesetz der Liebe;Mexiko;Roman
294;Esselborn-Krumbiegel, Helga;Von der Idee zum Text;Deutschland;Fachliteratur
295;Estep, Maggie;Tagebuch einer Gefühlsidiotin;USA;Roman
296;Esterhazy, Peter;Verbesserte Ausgabe;Ungarn;Roman
297;Eugenides, Jeffrey ;Middlesex;USA;Roman
298;Evans, Nicholas ;Feuerspringer;Grossbritannien;Roman
299;Fadiman, Anne;Ex Libris - Bekenntnisse einer Bibliomanin;Grossbritannien;Essays
300;Faldbakken, Matias;The Cocka Hola Company;Norwegen;Roman
301;Faldbakken, Matias;Macht und Rebel;Norwegen;Roman
302;Falk, Sait;Ein Lastkahn namens Leben;Türkei;Roman
303;Farah, Nuruddin ;Geheimnisse;Somalia;Roman
304;Fenelly, Tony;Die Matty Sinclair Trilogie;USA;Roman
305;Fenyvesi, Charles;Als die Welt noch heil war;Ungarn;Roman
306;Feustel, Gotthard ;Huren-Gespräche (Portraits aus zwei Jahrtausenden);Deutschland;Interviews
307;Fichte, Johann Gottlieb ;Über den Begriff der Wissenschaftslehre;Deutschland;Sachbuch
308;Fine, Anne;Killjoy;Großbritannien;Roman
309;Fink, Michael ;Who`s Who in der antiken Mythologie;Deutschland;Sachbuch
310;Fischer Taschenbücher;Das Tagebuch der Anne Frank;Deutschland;Tagebuch
311;Fitzgerald, Scott u. Zelda;Lover! Briefe;USA;Briefe
312;Fitz-Simons, Foster;Der Tabakkönig;USA;Roman
313;Flagg, Fannie;Grüne Tomaten;USA;Roman
314;Flaubert, Gustave ;Salambo;Frankreich;Roman
315;Flaubert, Gustave ;November;Frankreich;Roman
316;Flaubert, Gustave ;Madame Bovary;Frankreich;Roman
317;Forster, E.M.;Wiedersehen in Howards End;USA;Roman
318;Foster Wallace, David;Kleines Mädchen mit komischen Haaren;USA;Kurzgeschichten
319;Fox, Paula ;Was am Ende bleibt;USA;Roman
320;Franck, Norbert| Stary, Joachim;Die Technik wissenschaftlichen Arbeitens;Deutschland;Lehrbuch
321;Franco, Jorge;Die Scherenfrau;Kolumbien;Roman
322;Franzen, Jonathan ;Schweres Beben;USA;Roman
323;French, Marilyn;Die weißen Handschuhe;USA;Erzählungen
324;French, Marilyn;Frauen;USA;Roman
325;Freudenberg, Nikolaus;Pathologie;Deutschland;Sachbuch
326;Frisch, Max;Homo Faber;Schweiz;Roman
327;Frisch, Max;Montauk;Schweiz;Erzählung
328;Frister, Roman;Die Mütze oder Der Preis des Lebens;Polen;Roman
329;Fry, Stephen;Geschichte machen;Großbritannien;Roman
330;Fuld, Werner (Hg.);Ich küsse dich von Kopf bis Fuß...  (Liebesbriefe berühmter Personen);Deutschland;Briefe
331;Funke, Fritz;Buchkunde;Deutschland;Fachliteratur
332;Gaiman Neil;Coraline;USA;Roman
333;Gaiman Neil;American Gods;USA;Roman
334;Gaiman Neil;Anansi Boys;USA;Roman
335;Gall, Lothar ;Bismarck;Deutschland;Biographie
336;Gallwitz, Klaus;Besuche im Städel;Deutschland;Betrachtungen
337;García Márquez, Gabriel;Chronik eines angekündigten Todes;Kolumbien;Roman
338;García Márquez, Gabriel;Nachricht von einer Entführung;Kolumbien;Roman
339;García Márquez, Gabriel;Von der Liebe und anderen Dämonen;Kolumbien;Roman
340;Gekoski, Rick;Eine Nacht mit Lolita. Begegnungen mit Büchern und Menschen;Großbritannien;Essays
341;Genzmer, Felix;Die Edda;Deutschland (Island);Sagen
342;George, Margaret;Heinrich VIII. (Mein Leben);USA;Roman
343;Gerosa, Libero/Krämer, Peter;Codex Canonum Ecclesiarum Orientalum/Gesetzbuch der katholischen Ostkirchen (Repertoria Bd. II);Deutschland;Studienliteratur
344;Giebel, Marion;"Erläuterungen und Dokumente zu Sophokles'  ""Antigone""";Deutschland;Sekundärliteratur
345;Gilbar, Steven;Bibliomania. Ein listenreiches Buch über Bücher;USA;Sammlung
346;Giménez-Bartlett, Alicia;Tote aus Papier;Spanien;Roman
347;Gioseffi, Daniela (Hg.);Falsche Helden (Frauen über den Krieg);Italien;Essays
348;Giovinazzo, Buddy;Poesie der Hölle;USA;Autobiographischer Roman
349;Glavinic, Thomas;Wie man leben soll;Österreich;Roman
350;Glickfeld, Carole;Herzweh;USA;Roman
351;Gnüg, Hiltrud| Möhrmann, Renate;"Schreibende Frauen; Mittelalter bis Gegenwart";Deutschland;Sekundärliteratur
352;Goeschler, Constantin| Ther, Philipp;Raub und Restitution;Deutschland;Sonstiges - Geschichte 
353;Goetz, Rainald;Irre;Deutschland;Roman
354;Gogol, Nikolai;Die toten Seelen;Russland;Roman
355;Görden, Michael (Hg.);Phantastische Literatur 83;Deutschland;Erzählungen
356;Gordimer, Nadine;Anlass zu lieben;Südafrika;Roman
357;Gordimer, Nadine;Schreiben und Sein;Südafrika;Essays
358;Gordimer, Nadine;Burgers Tochter;Südafrika;Roman
359;Gordon, Dan;Wyatt Earp - Das Leben einer Legende;USA;Roman (zum Film)
360;Görner, Rüdiger;Streifzüge durch die englische Literatur;Deutschland;Sonstiges - Literatur
361;Gowdy, Barbara;Fallende Engel;Kanada;Roman
362;Gowdy, Barbara;Die Romantiker;Kanada;Roman
363;Gowdy, Barbara;Mr. Sandman;Kanada;Roman
364;Grandes, Almudena;Atlas der Liebe;Spanien;Roman
365;Grandes, Almudena;Sieben Frauen;Spanien;Erzählungen
366;Grass, Günter ;Theaterspiele;Deutschland;Theaterstücke
367;Green, Julien;Der verruchte Ort;Frankreich;Roman
368;Gretkowska, Manuela;Polka;Polen;Roman
369;Gruenter, Undine;Epiphanien, abgeblendet;Deutschland;Erzählungen
370;Grünberg, Arnon;Blauer Montag;Niederlande;Roman
371;Grünberg, Arnon;Statisten;Niederlande;Roman
372;Gstrein, Norbert;Das Handwerk des Tötens;Österreich;Roman
373;Guarnieri, Luigi;Das Doppelleben des Vermeer;Italien;Roman
374;Gudmundsson, Einar Mar;Engel des Universums;Island;Roman
375;Gur, Batya;Stein für Stein;Israel;Roman
376;Gur, Batya;Denn am Sabbat sollst du ruhen;Israel;Roman
377;Gutfreund, Amir;Mein Holocaust;Israel;Roman
378;Ha Jin;Kriegspack;China;Roman
379;Haasse, Hella S. ;Transit;Deutschland;Reisebericht
380;Hacker, Rupert;Bibliothekarisches Grundwissen;Deutschland;Fachliteratur
381;Hackl, Erich;Auroras Anlaß;Österreich;Roman
382;Hamilton Paterson, James;Kochen mit Fernet-Branca;Grossbritannien;Roman
383;Handke, Peter;Als das Wünschen noch geholfen hat;Österreich;Sonstiges - Literatur
384;Handke, Peter;Publikumsbeschimpfung;Österreich;Theaterstück
385;Handke, Peter;Wunschloses Unglück;Österreich;Erzählung
386;Hanff, Helene;84, Charing Cross Road;USA;Briefwechsel
387;Hanke-Schaefer, Adelheid;Jorge Luis Borges zur Einführung;Deutschland;Sekundärliteratur
388;Hart, Maarten 't;Die schwarzen Vögel;Niederlande;Roman
389;Hartwig, Mela;Bin ich ein überflüssiger Mensch?;Österreich;Roman
390;Hasek, Jaroslav;Die Abenteuer des braven Soldaten Schwejk 1;Tschechien;Roman
391;Hasek, Jaroslav;Die Abenteuer des braven Soldaten Schwejk 2;Tschechien;Roman
392;Haushofer, Marlen;Die Tapetentür;Österreich;Roman
393;Hawthorne, Nathaniel;Der scharlachrote Buchstabe;Grossbritannien;Roman
394;Hay, Sheridan;Die Antiquarin;USA;Roman
395;Hayden| MacCracken| Park;Kinder wie Dibs;USA;Sonstiges 
396;Hazlewood, Nick;Der Mann der für einen Knopf verkauft wurde;Grossbritannien;Roman
397;Heick, Gustav ;Waldmärchen;Deutschland;Erzählungen
398;Heidenreich, Elke;Wörter aus 30 Jahren;Deutschland;Kolumnen
399;Heine, E.W.;Das Glasauge;Deutschland;Kurzgeschichten
400;Heinrich, Willi;Gottes zweite Garnitur;Deutschland;Roman
401;Helmich, Wilhelm| Nentwig, Paul (Hg.);Erzählungen Deutscher Dichter (Band V);Deutschland;Erzählungen
402;Hemingway, Ernest;Die Hauptstadt der Welt;USA;Erzählung
403;Hemingway, Ernest;In einem andern Land;USA;Roman
404;Hemingway, Ernest;Fiesta;USA;Roman
405;Hens, Gregor ;Himmelssturz;USA;Roman
406;Hermann, Judith;Sommerhaus, später;Deutschland;Erzählungen
407;Hermans, Willem Frederik;Die Dunkelkammer des Damokles;Niederlande;Roman
408;Hermary-Vieille, Catherine;Johanna die Wahnsinnige;Frankreich;Roman
409;Hesse, Hermann ;Die Welt der Bücher;Deutschland;Sonstiges - Literatur
410;Hesse, Hermann ;Knulp;Deutschland;Reisebericht
411;Hesse, Hermann ;Narziß und Goldmund;Deutschland;Reisebericht
412;Highsmith, Patricia;Die zwei Gesichter des Januars;USA;Roman
413;Highsmith, Patricia;Elsies Lebenslust;USA;Roman
414;Hildebrandt;Informationsmanagement;Deutschland;Fachliteratur
415;Hildesheimer, Wolfgang;Mozart;Deutschland;Portrait/Biographie
416;Hilsenrath, Edgar;Nacht;Deutschland;Roman
417;Hilsenrath, Edgar;Fuck America;Deutschland;Roman
418;Hitchcock, Alfred;Lieblingsmorde;Grossbritannien;Kurzgeschichten
419;Hoeg, Peter;Fräulein Smillas Gespür für Schnee;Dänemark;Roman
420;Hoeg, Peter;Das stille Mädchen;Dänemark;Roman
421;Hoeg, Peter;Der Plan von der Abschaffung des Dunkels;Dänemark;Roman
422;Höfer, Manfred;Die Kaiser und Könige der Deutschen;Deutschland;Sachbuch
423;Hofer, Walther;Der Nationalsozialismus. Dokumente 1933-1945;Deutschland;Sachbuch
424;Hoffmann, Bernt;Handbuch des autogenen Trainings;Deutschland;Sachbuch
425;Hoffmann, E.T.A.;Die Elixiere des Teufels;Deutschland;Roman
426;Hoffmann, E.T.A.;Lebensansichten des Katers Murr;Deutschland;Roman
427;Hofmann;Globale Informationswirtschaft;Deutschland;Fachliteratur
428;Holz, Arno| Schlaf, Johannes;Die Familie Selicke;Deutschland;Drama
429;Homer;Ilias;Griechenland;Epos
430;Hornby, Nick;How to be good;Grossbritannien;Roman
431;Houellebecq, Michel;Die Welt als Supermarkt;Frankreich;Essays
432;Houellebecq, Michel;Elementarteilchen;Frankreich;Roman
433;Houellebecq, Michel;Ausweitung der Kampfzone;Frankreich;Roman
434;Hough, Robert;Das Geständnis der Mabel Stark.;Kanada;Roman
435;Huff, Hartmut ;Obsession;Deutschland;Roman
436;Hugo, Victor;Notre-Dame von Paris;Frankreich;Roman
437;Huizing, Klaas;Der Buchtrinker;Deutschland;Roman
438;Hulová, Petra;Kurzer Abriss meiners Lebens in der mongolischen Steppe;Tschechien;Roman
439;Huston, Nancy;Ein winziger Makel;Frankreich;Roman
440;Hustvedt, Siri;Die Verzauberung der Lily Dahl;USA;Roman
441;Hustvedt, Siri;Being a man;USA;Essays
442;Hustvedt, Siri;Die unsichtbare Frau;USA;Erzählungen
443;Hustvedt, Siri;Die Leiden eines Amerikaners;USA;Roman
444;Huxley, Aldous;Schöne neue Welt;Grossbritannien;Roman
445;Irving, John;Garp und wie er die Welt sah;USA;Roman
446;Ishiguro, Kazuo;Als wir Waisen waren;Grossbritannien;Roman
447;Ishiguro, Kazuo;Damals in Nagasaki;Grossbritannien;Roman
448;Ishiguro, Kazuo;Alles was wir geben mußten;Grossbritannien;Roman
449;Ishiguro, Kazuo;Die Ungetrösteten;Grossbritannien;Roman
450;Ishiguro, Kazuo;Bei Anbruch der Nacht;Grossbritannien;Stories
451;Ivanauskaite, Jurga;Die Regenhexe;Litauen;Roman
452;Izzo, Jean-Claude ;Die Marseille-Trilogie;Frankreich;Roman
453;James, Peter| Thorpe, Nick;Keilschrift, Kompaß, Kaugummi;Grossbritannien;Sachbuch
454;Jaspers, Klaus;Philosophische Autobiographie;Deutschland;Autobiographie
455;Jensen, Kristian Ditlev ;Leibspeise;Dänemark;Roman
456;Jochum, Uwe;Kleine Bibliotheksgeschichte;Deutschland;Fachliteratur
457;Johnson, Denis;Schon tot;USA;Roman
458;Johnson, Denis;Engel;USA;Roman
459;Johnson, Uwe;Mutmassungen über Jakob;Deutschland;Roman
460;Jones, Stan;Weisser Himmel, schwarzes Eis;USA;Roman
461;Jones, Stan;Schamanenpass;USA;Roman
462;Jones, Stan;Gefrorene Sonne;USA;Roman
463;Jong, Erica ;Der Buddha im Schoß;USA;Essays
464;Joyce, James;Ulysses;Irland;Roman
465;Kadare, Ismail;Der General der toten Armee;Albanien;Roman
466;Kadare, Ismail;Spiritus;Albanien;Roman
467;Kafka, Franz;Sämtliche Erzählungen;Tschechien;Erzählungen
468;Kafka, Franz;Amerika;Tschechien;Roman
469;Kaminer, Wladimir;Russendisko;Ukraine;Roman
470;Kampa, Daniel (Hg.);Nicht schon wieder essen! Hinterhältige kulinarische Geschichten (Patricia Highsmith, John Irving, Donna Leon);International;Erzählungen
471;Kaniuk, Yoram;I did it my way;Israel;Autobiographie
472;Kaniuk, Yoram;Adam Hundesohn;Israel;Roman
473;Kaniuk, Yoram;Verlangen;Israel;Roman
474;Kant, Immanuel ;Schriften zur Ästhetik und Naturphilosoph. 2;Deutschland;Sachbuch
475;Kapranos, Alex;sound bites - Essen auf Tour mit Franz Ferdinand;Grossbritannien;Erfahrungen
476;Karoly, Jil;Hauptsache Schampus;Deutschland;Roman
477;Kästner, Erich;Die verschwundene Miniatur;Deutschland;Roman
478;Kästner, Erich;Der kleine Grenzverkehr;Deutschland;Roman
479;Kästner, Erich;Der kleine Grenzverkehr;Deutschland;Roman
480;Kästner, Erich;"Kästner für Kinder; Band 2";Deutschland;Romane
481;Katzir, Judith ;Das Meer wird geschlossen;Israel;Erzählungen
482;Kay, Jackie ;Die Trompeterin;Grossbritannien;Roman
483;Kazantzakis, Nikos;Griechische Passion;Griechenland;Roman
484;Kellerman, Faye;Becca;USA;Roman
485;Kemelman, Harry;Am Montag flog der Rabbi ab;USA;Roman
486;Kemelman, Harry;Am Samstag aß der Rabbi nichts;USA;Roman
487;Kenaz, Jehoschua ;Hinter der Wand;Israel;Roman
488;Kenaz, Jehoschua ;Landschaft mit drei Bäumen;Israel;Novellen
489;Kennedy, A.L.;Gleissendes Glück;Schottland;Roman
490;Kennedy, A.L.;Hat nichts zu tun mit Liebe;Schottland;Roman
491;Kennedy, A.L.;Stierkampf;Schottland;Roman
492;Kennedy, A.L.;Alles was du brauchst;Schottland;Roman
493;Kennedy, A.L.;Also bin ich froh;Schottland;Roman
494;Kennedy, A.L.;Paradies;Schottland;Roman
495;Kerouac, Jack;Unterwegs;USA;Roman
496;Kerr, Judith ;Als Hitler das rosa Kaninchen stahl;Deutschland/Grossbritannien;Roman
497;Kerr, Judith ;Warten bis der Frieden kommt;Deutschland/Grossbritannien;Roman
498;Kertész, Imre;Kaddisch für ein nicht geborenes Kind;Ungarn;Roman
499;Kertész, Imre;Eine Gedankenlänge Stille, während das Erschießungskommando neu lädt (Essays);Ungarn;Essays
500;Kertész, Imre;Fiasko;Ungarn;Roman
501;Kertész, Imre;Roman eines Schicksallosen;Ungarn;Roman
502;Ketterer, Julia (Hrsg.);Nichts wie hin - Reisen in Metropolen;Deutschland;Reiseberichte
503;Kiedaisch, Petra (Hg.);Lyrik nach Auschwitz? Adorno und die Dichter;Deutschland;Essay
504;Kimhi, Alona;Die weinende Susannah;Israel;Roman
505;Kimmerle, Heinz;Jacques Derrida ;Deutschland;Sekundärliteratur
506;Kinder, Hermann;dtv-Atlas zur Weltgeschichte - Band 1 ;Deutschland;Karten
507;King, Ross;Das Labyrinth der Welt;Kanada;Roman
508;Kinkel, Tanja;Mondlaub;Deutschland;Roman
509;Kinkel, Tanja;Wahnsinn, der das Herz zerfrißt;Deutschland;Roman
510;Kipling, Rudyard;Haus der Wünsche (Die Bibliothek von Babel von Jorge Luis Borges);Grossbritannien;Roman
511;Kirchhoff, Bodo;Die Weihnachtsfrau;Deutschland;Roman
512;Kirchhoff, Bodo| Bauer, Ulrike (Hg.);Jahre wie nichts ;Deutschland;Erzählungen
513;Kirchhoff, Bodo| Bauer, Ulrike (Hg.);Unaufhaltsame Entzweiung;Deutschland;Erzählungen
514;Kirshenbaum, Binnie;Entscheidungen in einem Fall von Liebe;USA;Roman
515;Kirshenbaum, Binnie;Mermaid Avenue;USA;Roman
516;Kirshenbaum, Binnie;Als hielte ich den Atem an;USA;Roman
517;Kirshenbaum, Binnie;Meine Karriere als Ehebrecherin;USA;Roman
518;Kirshenbaum, Binnie;Ein fast perfekter Augenblick;USA;Roman
519;Kis, Danilo;Der Heimatlose;Serbien;Erzählungen
520;Kis, Danilo;Sanduhr;Serbien;Roman
521;Kisor, Henry ;Henry;USA;Sonstiges 
522;Kjaerstad, Jan;Rand;Norwegen;Roman
523;Klett-Cotta;Das erste Jahrzehnt 1977-1987. Ein Almanach;Deutschland;Sonstiges - Literatur
524;Klima, Ivan ;Warten auf Dunkelheit, Warten auf Licht;Tschechien;Roman
525;Klima, Ivan ;Ein Liebessommer;Tschechien;Roman
526;Kluge, Manfred ;Pariser Geschichten;Deutschland;Erzählungen
527;Kluun;Ohne sie;Niederlande;Roman
528;Koch, Erwin ;Sara tanzt;Deutschland;Roman
529;Kohout, Pavel;Theaterstücke;Tschechien;Theaterstücke
530;Kono, Taeko;Knabenjagd;Japan;Roman
531;Kono, Taeko;Riskante Begierden ;Japan;Roman
532;Kosztolanyi, Deszö;Ein Held seiner Zeit: Die Bekenntnisse des Kornél Esti;Ungarn;Roman
533;Krall, Hanna ;Schneller als der liebe Gott;Polen;Roman
534;Krause/Schneider/Blaha;Leichenschau am Fundort;Deutschland;Sachbuch
535;Krauss, Nicole;Kommt ein Mann ins Zimmer;USA;Roman
536;Krischke, Traugott;Ödön von Horvath - Kind seiner Zeit;Tschechien;Sekundärliteratur
537;Kristof, Agota;Der Beweis/Das grosse Heft/Die dritte Lüge;Schweiz;Roman
538;Krolow, Klaus;Gedichte;Deutschland;Lyrik
539;Krusche, Dieter;Reclams Filmführer;Deutschland;Lexika
540;Kumpfmüller, Michael;Durst;Deutschland;Roman
541;Kundera, Milan;Das Leben ist anderswo;Tschechien;Roman
542;Kundera, Milan;Die Unwissenheit;Tschechien;Roman
543;Kundera, Milan;Die unerträgliche Leichtigkeit des Seins;Tschechien;Roman
544;Kundera, Milan;Das Buch der lächerlichen Liebe;Tschechien;Roman
545;Kundera, Milan;Abschiedswalzer;Tschechien;Roman
546;Kundera, Milan;Verratene Vermächtnisse;Tschechien;Roman
547;Kunkel, Benjamin;Unentschlossen;Deutschland;Roman
548;Kureishi, Hanif;Rastlose Nähe;Grossbritannien;Roman
549;Kurkow, Andrej;Petrowitsch;Ukraine;Roman
550;Kurkow, Andrej;Picknick auf dem Eis;Ukraine;Roman
551;Lagerlöf, Selma;Gösta Berling;Schweden;Roman
552;Lamb, Mary und Charles ;Shakespeare für Eilige;Grossbritannien;Sonstiges - Literatur
553;Lamb, Wally;Früh am Morgen beginnt die Nacht;USA;Roman
554;Lamping, Dieter;Dein aschenes Haar, Sulamith (Lyrik);Deutschland;Gedichte
555;Landsman, Anne;Die Brautkammer;Südafrika;Roman
556;Langer, Adam;crossing california;USA;Roman
557;Langhardt, Hetty;Der kleine Drache Fafnir;Deutschland;Kinderbuch
558;Lanthaler, Kurt;Herzsprung;Schweiz;Roman
559;Lapid, Shulamit ;Die Strandbar;Israel;Roman
560;Lappin, Elena ;Natashas Nase;Grossbritannien;Roman
561;Larsen, Reif;Die Karte meiner Träume;USA;Roman
562;Lawrence, D.H.;John Thomas and Lady Jane;Grossbritannien;Roman
563;Lebelley, Frédérique ;Marguerite Duras (Ein Leben);Frankreich;Biographie
564;Lee, Chang-rae;Turbulenzen;USA (Korea);Roman
565;Lee, Chang-rae;Fremd im eigenen Leben;USA (Korea);Roman
566;Lehmann, Hanjo;Die Truhen des Arcimboldo;Deutschland;Roman
567;Lehr, Thomas;Zweiwasser oder Die Bibliothek der Gnade;Deutschland;Roman
568;Lessing, Doris;Schritte im Schatten;Grossbritannien;Autobiographie
569;Lessing, Doris;Unter der Haut ;Grossbritannien;Autobiographie
570;Lessing, Doris;Der Zauber ist nicht verkäuflich;Grossbritannien;Erzählungen
571;Lessing, Doris;Die gute Terroristin;Grossbritannien;Roman
572;Lessing, Gotthold Ephraim;Emilia Galotti;Deutschland;Theaterstück
573;Lessing, Gotthold Ephraim;Nathan der Weise;Deutschland;Theaterstück
574;Lethem, Jonathan;Die Festung der Einsamkeit;USA;Roman
575;Leupold, Dagmar;Eden Plaza;Deutschland;Roman
576;Lev, Eleonora ;Der erste Morgen im Garten Eden;Israel;Roman
577;Lev, Eleonora ;Eine Waise sozusagen;Israel;Biographischer Roman
578;Levi, Primo;Ist das ein Mensch?;Italien;Autobiographischer Roman
579;Liebrecht, Savyon;Die fremden Frauen;Israel;Roman
580;Lima, Lezama ;Paradiso;Kuba;Roman
581;Lindhoff, Lena;Einführung in die feministische Literaturtheorie;Deutschland;Fachliteratur
582;Literaturfestival berlin;Alle Uhren andere Zeiten  (Berliner Anthologie);Deutschland;Lyrik
583;Livi, Grazia ;Die Buchstaben meines Namens;Italien;Erzählungen
584;Lodge, David;Das Handwerk des Schreibens;Grossbritannien;Sonstiges - Literatur
585;Loetscher Hugo;Der Waschküchenschlüssel oder Was - wenn Gott Schweizer wäre;Schweiz;Erzählungen
586;Lovecraft, H.P.;Die Literatur der Angst;Grossbritannien;Sonstiges - Literatur
587;Loy, Rosetta;Straßen aus Staub;Italien;Roman
588;Luxemburg, Rosa;Herzlichst Ihre Rosa - Ausgewählte Briefe;Deutschland;Briefe
589;Lytton-Bulwer, Edward;Die letzten Tage von Pompeji;Grossbritannien;Roman
590;Magén, Mira;Klopf nicht an diese Wand;Israel;Roman
591;Magén, Mira;Schließlich, Liebe;Israel;Roman
592;Magén, Mira;Als ihre Engel schliefen;Israel;Roman
593;Mak, Geert;In Europa;Niederlande;Sonstiges - Geschichte
594;Manguel, Alberto;Im Spiegelreich;Argentinien;Essays
595;Manguel, Alberto;Eine Geschichte des Lesens;Argentinien;Sonstiges - Literatur
596;Manguel, Alberto;Bilder lesen;Argentinien;Sonstiges - Kunst
597;Mann, Golo;Deutsche Geschichte des 19. Und 20. Jahrhunderts;Deutschland;Sachbuch
598;Mann, Heinrich ;Professor Unrat;Deutschland;Theaterstück
599;Mann, Klaus;Mephisto;Deutschland;Roman
600;Mann, Thomas;Buddenbrooks;Deutschland;Roman
601;Márai, Sándor;Die jungen Rebellen;Ungarn;Roman
602;Márai, Sándor;Bekenntnisse eines Bürgers;Ungarn;Roman
603;Márai, Sándor;Die Glut;Ungarn;Roman
604;Marías, Javiar;Während die Frauen schlafen;Spanien;Roman
605;Marías, Javiar;Mein Herz so weiß;Spanien;Roman
606;Markaris, Petros;Hellas Channel;Griechenland;Roman
607;Marklund, Liza;Der Rote Wolf;Schweden;Roman
608;Marsh, Ngaio ;Ein Schuss im Theater;Neuseeland;Roman
609;Martel, Yann;Schiffbruch mit Tiger;Frankreich;Roman
610;Mazower, Mark;Der Balkan;Grossbritannien;Sachbuch
611;Mazzantini, Margaret;Geh nicht fort;Italien;Roman
612;McCann, Colum;Der Himmel unter der Stadt;Irland;Roman
613;McCann, Colum;Der Tänzer;Irland;Roman
614;McCarthy, Cormac;Die Strasse;USA;Roman
615;McCarthy, Pete;McCarthys Pub;Irland;Reiseliteratur
616;McCourt, Frank;Die Asche meiner Mutter;Irland;Autobiographischer Roman
617;McCullers, Carson;Das Herz ist ein einsamer Jäger;USA;Roman
618;McCullers, Carson;Die Ballade vom traurigen Cafe;USA;Roman
619;McCullers, Carson;Uhr ohne Zeiger;USA;Roman
620;McDonald, Marianne;Die letzte Strophe;Grossbritannien;Roman
621;McDonald, Marianne;Das Manuskript;Grossbritannien;Roman
622;McFarland, Dennis;Schule der Nacht;USA;Roman
623;McGrail, Anna;Fräulein Einsteins Universum;Grossbritannien;Roman
624;McNab, Tom;Transamerika;USA;Roman
625;Meek, James ;Die einsamen Schrecken der Liebe;USA;Roman
626;Meinecke, Dietlind;Über Paul Celan;Deutschland;Sekundärliteratur
627;Melville, Herman;Bartleby;USA;Erzählung
628;Menasse, Robert;Die Vertreibung aus der Hölle;Österreich;Roman
629;Menninghaus, Winfried;Paul Celan - Magie der Form;Deutschland;Sekundärliteratur
630;Mercier, Pascal;Der Klavierstimmer;Schweiz;Roman
631;Merkle Riley, Judith;Die Stimme;USA;Roman
632;Metzler, J.B.;Deutsche Literaturgeschichte;Deutschland;Fachliteratur
633;Michalzik, Peter;Unseld. Eine Biographie;Deutschland;Biographie
634;Millar, Margaret;Von hier an wird’s gefährlich;USA;Roman
635;Miller, Arthur;Tod eines Handlungsreisenden;USA;Theaterstück
636;Miller, Henry ;Nexus;USA;Roman
637;Miller, Henry ;Lachen, Liebe, Nächte;USA;Roman
638;Millet, Catherine;Das sexuelle Leben der Catherine M.;Frankreich;Autobiographischer Roman
639;Mitchell, David;Der Wolkenatlas;Großbritannien;Roman
640;Modiano, Patrick;Ein so junger Hund;Italien;Roman
641;Modick, Klaus;Bestseller;Deutschland;Roman
642;Molcho, Samy;Körpersprache im Beruf;Israel;Sachbuch
643;Molière;Der eingebildete Kranke;Frankreich;Theaterstück
644;Molière;Der Menschenfeind;Frankreich;Theaterstück
645;Montero, Rosa;Geliebter Gebieter;Spanien;Roman
646;Monzó, Quim;Das ganze Ausmaß der Tragödie;Spanien;Roman
647;Moore, Christopher;Ein todsicherer Job;USA;Roman
648;Moore, Susanna;Abschied vom Haifischgott;USA;Roman
649;Moritz, Reiner;Die Überlebensbibliothek. Bücher für alle Lebenslagen;Deutschland;Essays
650;Morrison, Toni;Sehr blaue Augen;USA;Roman
651;Morrison, Toni;Menschenkind;USA;Roman
652;Morweiser, Fanny;Un joli garcon;Deutschland;Roman
653;Mottley, Sheila;Sheila;Grossbritannien;Sonstiges
654;Mrozek, Slawomir;Liebe auf der Krim;Polen;Roman
655;Mulisch, Harry;Die Entdeckung des Himmels;Niederlande;Roman
656;Müller, Herta;Hunger und Seide;Rumänien;Essays
657;Müller, Jan-Dirk (Hg.);"Erläuterungen und Dokumente zu G.E. Lessings ""Emilia Galotti""";Deutschland;Sekundärliteratur
658;Mulot, Sibylle;Die Fabrikanten;Deutschland;Roman
659;Munro, Alice;Himmel und Hölle;Kanada;Erzählungen
660;Munro, Alice;Die Liebe einer Frau;Kanada;Erzählungen
661;Munro, Alice;Stinkreich;Kanada;Erzählung
662;Murakami, Haruki;Gefährliche Geliebte;Japan;Roman
663;Murakami, Haruki;Mister Aufziehvogel;Japan;Roman
664;Murakami, Haruki;Wie ich eines schönen Morgens im April das 100ige Mädchen sah;Japan;Kurzgeschichten
665;Murakami, Haruki;Hard-boiled Wonderland;Japan;Roman
666;Murakami, Haruki;Wilde Schafsjagd;Japan;Roman
667;Murakami, Haruki;Tanz mit dem Schafsmann;Japan;Roman
668;Murakami, Haruki;Naokos Lächeln;Japan;Roman
669;Murakami, Haruki;Der Elefant verschwindet;Japan;Kurzgeschichten
670;Murakami, Haruki;Nach dem Beben;Japan;Kurzgeschichten
671;Murakami, Haruki;Sputnik Sweetheart;Japan;Roman
672;Murakami, Haruki;Kafka am Strand;Japan;Roman
673;Murakami, Haruki;Afterdark;Japan;Roman
674;Murakami, Haruki;Blinde Weide, schlafende Frau;Japan;Erzählungen
675;Murakami, Haruki;1Q84;Japan;Roman
676;Muschg, Adolf;Das Licht und der Schlüssel;Schweiz;Roman
677;Nabokov, Vladimir;Der Zauberer;Russland;Erzählung
678;Nabokov, Vladimir;Hier wird Russisch gesprochen;Russland;Erzählung
679;Nall Newton, Ruth;Die Affären des William S.;Grossbritannien;Roman
680;Natsuki, Shizuko ;Mord am Fujiyama;Japan;Roman
681;Nelson, Blake;Paranoid Park;USA;Roman
682;Nietzsche, Friedrich;Also sprach Zarathustra und andere Schriften ;Deutschland;Sonstiges - Philosophie 
683;Niffenegger, Audrey;Die Frau des Zeitreisenden;USA;Roman
684;Nin, Anais;Das Delta der Venus;Frankreich;Kurzgeschichten
685;Nizon, Paul;Im Bauch des Wals;Frankreich;Roman
686;Noll, Ingrid ;Die Apothekerin;Deutschland;Roman
687;Nooteboom, Cees;Nootebooms Hotel;Niederlande;Roman
688;Nooteboom, Cees;Allerseelen;Niederlande;Roman
689;Nooteboom, Cees;Ein Lied von Schein und Sein;Niederlande;Roman
690;Nooteboom, Cees;Der Umweg nach Santiago;Niederlande;Roman
691;Nooteboom, Cees;Die Insel, das Land;Niederlande;Roman
692;Nosaka, Akiyuki;Japanische Freuden;Japan;Roman
693;Nossack, Hans-Erich ;Spirale;Deutschland;Roman
694;Nöstlinger, Christine ;Der Spatz in der Hand;Österreich;Roman
695;Novalis;Heinrich von Ofterdingen;Deutschland;Roman
696;Novalis;"Fragmente und Studien; Die Christenheit oder Europa";Deutschland;Sonstiges - Geschichte 
697;Novick, Peter;Nach dem Holocaust. Der Umgang mit dem Massenmord;USA;Sachbuch
698;Nunez, Sigrid;Das Krallenäffchen;USA;Roman
699;Nurowska, Maria;Briefe der Liebe;Polen;Roman
700;Nurowska, Maria;Der russische Geliebte;Polen;Roman
701;O`Brien, Edna;Am Fluß;Irland;Roman
702;O`Faolain, Nuala;Sein wie das Leben;Irland;Roman
703;O`Nan, Stewart;Der Finger;USA;Roman
704;O`Nan, Stewart;Ganz alltägliche Leute;USA;Roman
705;O`Nan, Stewart;Engel im Schnee;USA;Roman
706;O`Nan, Stewart;Die Speed Queen;USA;Roman
707;Oates, Joyce Carol;Blond;USA;Roman
708;Oates, Joyce Carol;Niagara;USA;Roman
709;Oe, Kenzaburo;Eine persönliche Erfahrung;Japan;Roman
710;Ödön von Horváth;Jugend ohne Gott;Österreich-Ungarn;Roman
711;Ogawa, Yoko;Hotel Iris;Japan;Roman
712;Ogawa, Yoko;Schwimmbad im Regen;Japan;Erzählungen
713;Oker, Celil;Letzter Akt am Bosporus;Türkei;Roman
714;Ondaatje, Michael;Anils Geist;Kanada;Roman
715;Osorio, Elsa;Mein Name ist Luz;Argentinien;Roman
716;Oz, Amos;Ein anderer Ort;Israel;Roman
717;Oz, Amos;Black Box;Israel;Roman
718;Oz, Amos;So fangen die Geschichten an;Israel;Essays
719;Özdogan, Selim;Ein Spiel, das die Götter sich leisten;Deutschland;Roman
720;Özdogan, Selim;Trinkgeld vom Schicksal;Deutschland;Erzählungen
721;Paasillinna, Arto;Der wunderbare Massenselbstmord;Finnland;Roman
722;Pahor, Boris;Nekropolis;Slowenien;Roman
723;Palahniuk, Chuck;Fight Club;USA;Roman
724;Palahniuk, Chuck;Flug 2039;USA;Roman
725;Palahniuk, Chuck;Das Kainsmal;USA;Roman
726;Palmen, Connie;I.M.;Niederlande;Autobiographischer Roman
727;Palmen, Connie;Die Gesetze;Niederlande;Roman
728;Palmen, Connie;Luzifer;Niederlande;Roman
729;Pamuk, Orhan;Das neue Leben;Türkei;Roman
730;Pamuk, Orhan;Schnee;Türkei;Roman
731;Pamuk, Orhan;Istanbul;Türkei;Erinnerungen
732;Pamuk, Orhan;Das Museum der Unschuld;Türkei;Roman
733;Pasternak, Boris;Doktor Schiwago;Russland;Roman
734;Patterson, James;Vor aller Augen;USA;Roman
735;Patzer, Andreas (Hrsg.);Streifzüge durch die antike Welt - eine historisches Lesebuch;Deutschland;Sachbuch
736;Pauli, Herta;Das Geheimnis von Sarajevo;Österreich;Sachbuch
737;Pausewang, Gudrun;Die letzten Kinder von Schewenborn;Deutschland;Romane
738;Pennac, Daniel;Wie ein Roman;Frankreich;Roman
739;Percy, Walker;Der Idiot des Südens;USA;Roman
740;Percy, Walker;Der Kinogeher;USA;Roman
741;Percy, Walker;Liebe in Ruinen;USA;Roman
742;Perec, Georges;Ein Kunstkabinett;Frankreich;Roman
743;Pérez-Reverte, Arturo;Der Club Dumas;Spanien;Roman
744;Perutz, Leo;Zwischen neun und neun;Deutschland;Roman
745;Petrignani, Sandra;Wo Dichterinnen zu Hause sind;Italien;Portraits
746;Petsinis, Tom;Die Buchliebhaberin;Australien;Roman
747;Piaf, Edith ;Mein Leben;Frankreich;Autobiographie
748;Picoult, Jodi;Beim Leben meiner Schwester;USA;Roman
749;Pike, David;Deutsche Schriftsteller im sowjetischen Exil;Grossbritannien;Sekundärliteratur
750;Pinkola Estés, Clarissa;Die Wolfsfrau;USA (Mexiko);Roman
751;Plath, Sylvia ;Johnny Panic und die Bibel der Träume;USA;Erzählungen
752;Platon;Apologie oder des Sokrates Verteidigungsrede/ Kriton - Ein Dialog;Griechenland;Sonstiges - Philosophie 
753;Poe, Edgar Allan;Erzählungen;Großbritannien;Erzählungen
754;Polgar, Alfred;Im Lauf der Zeit;Österreich;Roman
755;Powers, Richard;Galatea 2.2.;USA;Roman
756;Precht, Richard David;Liebe. Ein unordentliches Gefühl.;Deutschland;Sachbuch
757;Precht, Richard David;Lenin kam nur bis Lüdenscheid;Deutschland;Biographie
758;Preußler, Otfried;Krabat;Deutschland;Roman
759;Pressler, Mirjam;Bitterschokolade;Deutschland;Roman
760;Prior, Lily;La Cucina siciliana;Grossbritannien;Roman
761;Proske, Christine| Taint, Petra;Erdbeeren & Champagner;Deutschland;Kurzgeschichten
762;Proulx, Annie E.;Postkarten;USA;Roman
763;Puschkin, Alexander;Erzählungen;Russland;Erzählungen
764;Queneau, Raymond;Zazie in der Metro;Frankreich;Roman
765;Raabe, Paul;Einführung in die Bücherkunde zur deutschen Literaturwissenschaft;Deutschland;Fachliteratur
766;Radisch, Iris;Die Schule der Frauen;Deutschland;Essays
767;Raittila, Hannu;Atlantis;Finnland;Roman
768;Reich-Ranicki, Marcel;Mein Leben;Deutschland;Roman
769;Reichl, Ruth;Falscher Hase. Als Spionin bei den Spitzenköchen;Deutschland;Essays
770;Remarque, Erich Maria;Der schwarze Obelisk;Deutschland;Roman
771;Renault, Mary ;Feuer vom Olymp;Grossbritannien;Roman
772;Renner, Klaus S. (Hg.);Das Buch der Niedertracht;Deutschland;Erzählungen
773;Reston, James;Galileo Galilei;USA;Biographie
774;Rice, Anne;Gespräch mit dem Vampir;USA;Roman
775;Riebe, Brigitte;Pforten der Nacht;Deutschland;Roman
776;Riefenstahl, Leni;Memoiren 1902-1945;Deutschland;Autobiographie
777;Riefenstahl, Leni;Memoiren 1945-1987;Deutschland;Autobiographie
778;Rilke, Rainer Maria;Die Aufzeichnungen des Malte Laurids Brigge;Deutschland;Roman
779;Robbins, Harold;Die Manager;USA;Roman
780;Roemer, Astrid H.;Könnte Liebe sein;Niederlande (Surinam);Roman
781;Roggenkamp, Viola;Familienleben;Deutschland;Roman
782;Roth, Philip ;Portnoys Beschwerden;USA;Roman
783;Roth, Philip ;Sabbath`s Theater;USA;Roman
784;Roth, Philip ;Das sterbende Tier;USA;Roman
785;Roth, Philip ;Der menschliche Makel;USA;Roman
786;Rowohlt;Literaturmagazin Nr. 27 und Nr. 34;Deutschland;Sonstiges - Literatur
787;Roy, Arundhati;Der Gott der kleinen Dinge;Indien;Roman
788;Rubin, Jay;Murakami oder die Melodie des Lebens;USA;Roman
789;Ruff, Matt;Fool on the hill;USA;Roman
790;Ruff, Matt;Ich und die anderen;USA;Roman
791;Rungpau, Chögyam| Freemantle, Francesca (Hg.);Das Totenbuch der Tibeter;Tibet/USA;Sachbuch
792;Rushdie, Salman;Der Boden unter ihren Füssen;Grossbritannien;Roman
793;Rushdie, Salman;Die satanischen Verse;Grossbritannien;Roman
794;Rushdie, Salman;Osten, Westen;Grossbritannien;Roman
795;Rybakova, Maria;Die Reise der Anna Grom;Russland;Roman
796;Sacks, Oliver;Der Mann, der seine Frau mit einem Hut verwechselte;USA;Erzählungen
797;Sacks, Oliver;Onkel Wolfram;USA;Autobiographie
798;Sagan, Francoise ;Lieben Sie Brahms?;Frankreich;Roman
799;Said, Kurban ;Ali und Nino;Russland;Roman
800;Salber, Linde;Frida Kahlo;Deutschland;Biographie
801;Salinger, J.D.;Der Fänger im Roggen;USA;Roman
802;Salinger, J.D.;Der Fänger im Roggen;USA;Roman
803;Salter, James ;Fremde Küsten;USA;Roman
804;Salter, James ;Verbrannte Tage;USA;Roman
805;Salter, James ;Lichtjahre;USA;Roman
806;Saramago, Jose;Handbuch der Malerei und Kalligraphie;Portugal;Roman
807;Sartre, Jean-Paul ;Im Räderwerk;Frankreich;Roman
808;Sartre, Jean-Paul ;Das Spiel ist aus;Frankreich;Roman
809;Sartre, Jean-Paul ;Der Ekel;Frankreich;Roman
810;Sartre, Jean-Paul ;Geschlossene Gesellschaft;Frankreich;Theaterstück
811;Sartre, Jean-Paul ;Plädoyer für die Intellektuellen;Frankreich;Essay
812;Sartre, Jean-Paul ;Was ist Literatur?;Frankreich;Essay
813;Sartre, Jean-Paul ;Briefe an Simone de Beauvoir 1926-1935;Frankreich;Briefwechsel
814;Sautet, Marc;Ein Cafe für Sokrates;Frankreich;Roman
815;Schatrow, Michael;Weiter Weiter Weiter;Russland;Theaterstück
816;Schiller, Friedrich;Die Jungfrau von Orleans;Deutschland;Theaterstück
817;Schiller, Friedrich;Der Geisterseher;Deutschland;Roman
818;Schlegel, Friedrich;Lucinde;Deutschland;Roman
819;Schleiermacher, Friedrich;Über die Religion (Reden an die Gebildeten unter ihren Verächtern);Deutschland;Sachbuch
820;Schlesinger, Klaus;Alte Filme (Erzählung);Deutschland;Erzählung
821;Schmitz-Emans, Monika;Die Sprache der modernen Dichtung;Deutschland;Fachliteratur
822;Schneider, Helge;Globus Dei;Deutschland;Reisebericht
823;Schnitzler, Arthur;Der Schleier der Beatrice;Deutschland;Theaterstück
824;Schnitzler, Arthur;Fräulein Else;Deutschland;Erzählung
825;Scholl, Sabine;Sehnsucht Manhattan;Deutschland;Reiseliteratur
826;Schorlau, Manfred;Das München-Komplott;Deutschland;Roman
827;Schulte-Richtering, Christoph;Reiseführer Himmel und Hölle;Deutschland;Sonstiges 
828;Schwanitz, Dietrich;Bildung - Alles was man wissen muß;Deutschland;Sachbuch
829;Schwanitz, Dietrich;Die Geschichte Europas;Deutschland;Sachbuch
830;Scott, Walter;Ivanhoe;USA;Roman
831;Sean Greer, Andrew;Die Nacht des Lichts;USA;Roman
832;Sebald, W.G.;Austerlitz;Deutschland;Autobiographischer Roman
833;Seghers, Anna;Transit;Deutschland;Erzählungen
834;Seth, Vikram;Eine gute Partie;Indien;Roman
835;Shakespeare, William;Sämtliche Werke;Grossbritannien;Stücke/Sonette
836;Shakespeare, William;Macbeth (Englisch/Deutsch);Grossbritannien;Drama
837;Shakespeare, William;Lustspiele;Grossbritannien;Theaterstücke
838;Shakespeare, William;Königsdramen I;Grossbritannien;Theaterstücke
839;Shalev, Michal;Rachels Gelübde;Israel;Roman
840;Shalev, Zeruya;Liebesleben;Israel;Roman
841;Shan Sa;Die Go-Spielerin;China;Roman
842;Shaw, Bernard;Briefwechsel mit seiner Freundin Stella Patrick Campbell;Grossbritannien;Briefe
843;Sheldon, Sidney;Kirschblüten und Coca-Cola;USA;Roman
844;Sheldon, Sidney;Diamanten-Dynastie;USA;Roman
845;Shimoni, Juwal;Der Flug der Taube;Israel;Roman
846;Gary Shteyngart;Handbuch für den russischen Debütanten;Russland;Roman
847;Gary Shteyngart;Snack Daddys abenteuerliche Reise;Russland;Roman
848;Silver, Marisa;Reisende der Nacht;USA;Erzählungen
849;Simenon, Georges;Maigret riskiert seine Stellung;Frankreich;Roman
850;Simonds, Merilyn;Der Löwe im Zimmer nebenan;Kanada;Roman
851;Singer, Isaac B. ;Der Tod des Methusalem (Illustrierte Sonderausgabe, BG);Polen;Erzählung
852;Singer, Isaac B. ;Massel und Schlamassel;Polen;Erzählungen
853;Skwara, Erich Wolfgang ;Anruf aus Rom;Österreich;Romane
854;Slater, Susan;Die Geister von Tewa Pueblo;USA;Roman
855;Smith, Zadie;Zähne Zeigen;Großbritannien;Roman
856;Smith, Zadie;Der Autogrammhändler;Großbritannien;Roman
857;Smith, Zadie (Hrsg.);The book of other people;Großbritannien;Short stories
858;Solomon, Norman;"Judentum; Eine kurze Einführung";USA;Sachbuch
859;Somerset Maugham, W.;Zehn Romane und ihre Autoren;Frankreich;Sekundärliteratur
860;Sontag, Susan;Todesstation;USA;Roman
861;Sorrell, Tom;Descartes;Grossbritannien;Biographie
862;Spiegelberg, Frederic;Die lebenden Weltreligionen;USA;Sachbuch
863;Sprenger, Jakob| Institutoris, Heinrich;Der Hexenhammer (Malleus maleficarum);Deutschland;Sonstiges - Geschichte 
864;Staikos, Andreas;Kulinarische Liebschaften;Griechenland;Roman
865;Stamm, Peter;Ungefähre Landschaft;Schweiz;Roman
866;Stamm, Peter;Wir fliegen;Schweiz;Erzählungen
867;Starova, Luan;Zeit der Ziegen;Mazedonien;Roman
868;Stasiuk, Andrzej;Die Welt hinter Dukla;Polen;Roman
869;Stein, Gertrude ;Drei Leben ;USA;Erzählungen
870;Steinbeck, John;Früchte des Zorns;USA;Roman
871;Steinecker, Gisela;Die Schönste bin ich nicht;Deutschland;Lyrik
872;Steingarten, Jeffrey;Der Mann, der alles isst. Aufzeichnungen eines Gourmets;USA;Erzählungen
873;Stendhal;Werke;Frankreich;Roman
874;Stevenson, Robert Louis ;Dr. Jekyll und Mr. Hyde;Schottland;Roman
875;Stokes, Naomi M.;Die Zedernsängerin;USA;Roman
876;Storm, Theodor;Der Schimmelreiter;Deutschland;Roman
877;Strausfeld, Mechthild (Hg.);Materialien zur lateinamerikanischen Literatur;Deutschland;Sekundärliteratur
878;Strauß, Botho;Paare, Passanten;Deutschland;Theaterstück
879;Strelka, Joseph P.;Einführung in die literarische Textanalyse;Österreich;Fachliteratur
880;Strindberg, August;Das rote Zimmer;Schweden;Roman
881;Strindberg, August;Dramen I;Schweden;Theaterstücke
882;Strubel, Antje R.;Offene Blende;Deutschland;Roman
883;Süskind, Patrick;Das Parfüm;Deutschland;Roman
884;Suter, Martin;Lila, Lila;Schweiz;Roman
885;Suter, Martin;Ein perfekter Freund;Schweiz;Roman
886;Suter, Martin;Die dunkle Seite des Mondes;Schweiz;Roman
887;Suter, Martin;Small World;Schweiz;Roman
888;Suter, Martin;Richtig leben mit Geri Weibel;Schweiz;Erzählungen
889;Suter, Martin;Der Teufel von Mailand;Schweiz;Roman
890;Suyin, Han;Alle Herrlichkeit auf Erden;China;Roman
891;Swann, Leonie;Glennkill;Deutschland;Roman
892;Swift, Graham;Letzte Runde;Grossbritannien;Roman
893;Swift, Jonathan ;Gullivers Reisen;Irland-England;Roman
894;Szczypiorski, Andrzej;Die schöne Frau Seidenman;Polen;Roman
895;Szerb, Antal;Reise im Mondlicht;Ungarn;Romane
896;Szerb, Antal;Die Pendragon-Legende;Ungarn;Roman
897;Szerb, Antal;In der Bibliothek;Ungarn;Erzählungen
898;Tabucchi, Antonio;Erklärt Pereira;Italien;Roman
899;Tan, Amy;Die Frau des Feuergottes;USA (China);Roman
900;Tartt, Donna;Die geheime Geschichte;USA;Roman
901;Tesich, Steve;Abspann;USA;Roman
902;Thompson, Hunter S.;The Rum Diary;USA;Roman
903;Thoreau, Henry;Portugiesische Literatur;USA;Fachliteratur
904;Timmerberg, Helge;Tiger fressen keine Yogis;Deutschland;Reisebericht
905;Tišma, Aleksandar;Treue und Verrat;Serbien;Roman
906;Togawa, Masako;Der Hauptschlüssel;Japan;Roman
907;Togawa, Masako;Schwestern der Nacht;Japan;Roman
908;Togawa, Masako;Trübe Wasser in Tokio;Japan;Roman
909;Tokarczuk, Olga;Ur und andere Zeiten;Polen;Roman
910;Tolkien, J.R.R.;Der Herr der Ringe;Grossbritannien;Roman
911;Tong, Su;Die Opiumfamilie;USA;Roman
912;Tralow, Johannes ;Aufstand der Männer;Deutschland;Roman
913;Tsunemoto, Yamamoto;Hagakure - Die Weisheiten der Samurei;Japan;Erzählungen
914;Tucholsky, Kurt;Schloss Gripsholm;Deutschland;Roman
915;Tusset, Pablo;Das Beste was einem Croissant passieren kann;Spanien;Roman
916;Tuttle, Lisa;Das geheime Land;USA;Roman
917;Tyerman Williams, John;Jenseits von Pu und Böse;USA;Sonstiges - Philosophie 
918;Tyler, Anne;Die Reisen des Mr. Leary/Dinner im Heimweh-Restaurant;Großbritannien;Romane
919;Überhoff, Thomas;Wo liegt Amerika? Die besten Erzähler;Deutschland;Erzählungen
920;Ugresic, Dubravka;Das Museum der bedingungslosen Kapitulation;Kroatien;Roman
921;Ugresic, Dubravka;Das Ministerium der Schmerzen;Kroatien;Roman
922;unicef;Ein neuer Anfang;International;Kurzgeschichten
923;Unseld, Siegfried;Peter Suhrkamp - Biographie eines Verlegers;Deutschland;Biographie
924;Updike, John;Hasenherz;USA;Roman
925;Valdés, Zoe;Das tägliche Nichts;Kuba;Roman
926;van Camp, Richard;Dreckige Engel;Kanada;Roman
927;van Gulik, Robert;Der geschenkte Tag;Niederlande;Roman
928;van Gulik, Robert;Geisterspuk in Peng-Lai;Niederlande;Roman
929;Veciana-Suarez, Ana;Die Mütter des Victor Eduardo;USA (Kuba);Roman
930;Veevers, Marian;Komm, schwarze Nacht;Grossbritannien;Roman
931;Velikic, Dragan;Dante-Platz;Serbien;Roman
932;Verbeke, Anneliese;Schlaf!;Niederlande;Roman
933;Verhulst, Dimitri;Die Beschissenheit der Dinge;Niederlande;Roman
934;Verne, Jules;Clovis Dardentor;Frankreich;Roman
935;Verne, Jules;Der Goldvulkan;Frankreich;Roman
936;Verne, Jules;Die Kinder des Kapitän Grant;Frankreich;Roman
937;Veteranyi, Aglaja;Warum das Kind in der Polenta kocht;Rumänien;Roman
938;Veteranyi, Aglaja;Das Regal der letzten Atemzüge;Rumänien;Roman
939;Vian, Boris;Der Schaum der Tage;Frankreich;Roman
940;Vian, Boris;Herbst in Peking;Frankreich;Roman
941;Vian, Boris;Ich werde auf eure Gräber spucken;Frankreich;Roman
942;Vickers, Salley;Miss Garnet und der Engel von Venedig;Grossbritannien;Roman
943;Vidal, Gore;Messias;Italien;Roman
944;Vila-Matas, Enrique;Vorbildliche Selbstmorde;Spanien;Erzählungen
945;Vilmar, August;Das Nibelungenlied;Deutschland;Erzählung
946;Vittachi, Nury;Der Fengshui-Detektiv und der Geistheiler;Sri Lanka;Roman
947;Vogt, Jochen ;Einladung zur Literaturwissenschaft;Deutschland;Sekundärliteratur
948;Vollmann, Rolf;Die wunderbaren Falschmünzer;Deutschland;Sekundärliteratur
949;von Aster, Ernst;Geschichte der Philosophie;Deutschland;Sonstiges - Philosophie 
950;von Braun, Christine | Stephan, Inge;Gender-Studien;Deutschland;Fachliteratur
951;von Goethe, Johann Wolfgang ;Die Leiden des jungen Werther;Deutschland;Drama
952;von Goethe, Johann Wolfgang ;Iphigenie auf Tauris;Deutschland;Drama
953;von Goethe, Johann Wolfgang ;Urfaust;Deutschland;Drama
954;von Goethe, Johann Wolfgang ;Faust - Der Tragödie zweiter Teil;Deutschland;Drama
955;von Goethe, Johann Wolfgang ;Wilhelm Meisters Lehrjahre;Deutschland;Roman
956;von Hofmannsthal, Hugo (Hg.);Deutsche Erzähler;Deutschland;Erzählungen
957;von Kleist, Heinrich;Michael Kohlhaas;Deutschland;Novelle
958;von Koppenfels, Johanna| Anton, Annette C.  (Hg.);Von schwarzen Schatten schwer (Über das Glück traurig zu sein);Deutschland;Essays
959;von Kürthy, Ildikó ;Mondscheintarif;Deutschland;Roman
960;von Sternburg, Wilhelm;Lion Feuchtwanger - Ein deutsches Schriftstellerleben;Deutschland;Biographie
961;von Wiese, Benno;Die Deutsche Tragödie von Lessing bis Hebbel;Deutschland;Sonstiges - Literatur
962;W. Cross, Donna;Die Päpstin;USA;Roman
963;Wackenroder, W.H.| Tieck, Ludwig;Herzensergießungen eines kunstliebenden Klosterbruders;Deutschland;Roman
964;Wagenstein, Angel;Pentateuch oder Die fünf Bücher Isaaks;Bulgarien;Roman
965;Walter, Elisabeth ;Abenteuerliche Reise des kleinen Schmiedledick mit den Zigeunern;Deutschland;Roman
966;Walther, Klaus;Bücher sammeln - Kleine Philosophie der Passionen;Deutschland;Essays
967;Wang Shuo;Herzklopfen heißt das Spiel;China;Roman
968;Watzlawick, Paul;Anleitung zum Unglücklichsein/Vom Schlechten zum Guten;Österreich;Sachbuch
969;Weldon, Fay;Trio in Twinsets;Grossbritannien;Roman
970;Welsh, Louise;Dunkelkammer;Großbritannien;Roman
971;Wenfu, Lu;Der Gourmet;China;Roman
972;Weöres, Sándor;Der von Ungern;Ungarn;Roman
973;Werfel, Franz;Eine blaßblaue Frauenschrift;Österreich;Erzählung
974;Wertheimer, Jürgen (Hrsg.);Zukunft! Zukunft? Tübinger Poetik Vorlesung (Batya Gur, Herta Müller, u.a.);Deutschland;Vorlesungen
975;Widmer, Urs;Das Geld, die Arbeit, die Angst, das Glück;Schweiz;Erzählungen
976;Wilde, Oscar;Der glückliche Prinz und andere Märchen;Grossbritannien;Erzählungen
977;Wilde, Oscar;Ein idealer Gatte;Grossbritannien;Theaterstück
978;Wilde, Oscar;Das Bildnis des Dorian Gray;Grossbritannien;Theaterstück
979;Wilde, Oscar;Theaterstücke I;Grossbritannien;Theaterstück
980;Willemsen, Roger;Nur zur Ansicht;Deutschland;Essays
981;Williams, Jenny;Mehr Leben als eins - Hans Fallada;Irland;Biographie
982;Williams, Tennessee;Endstation Sehnsucht;USA;Theaterstück
983;Winkels, Hubert;Leselust und Bildermacht;Deutschland;Essays
984;Wittmann, Reinhard;Geschichte des deutschen Buchhandels;Deutschland;Sachbuch
985;Wohmann, Gabriele;Das Salz, bitte!;Deutschland;Erzählungen
986;Wolf, Christa;Medea Stimmen;Deutschland;Roman
987;Wolf, Christa;Der geteilte Himmel;Deutschland;Roman
988;Wolf, Christa| Fühmann, Franz;Monsieur - wir finden uns wieder (Briefe 1968-1984);Deutschland;Briefe
989;Wolfe, Tom;Ein ganzer Kerl;USA;Roman
990;Wolfe, Tom;Ich bin Charlotte Simmons;USA;Roman
991;Wood Middlebrook, Diane;Zauber und Zeichen. Das Leben der Dichterin Anne Sexton;USA;Biographie
992;Woolf, Virginia;Die Dame im Spiegel;Grossbritannien;Erzählungen
993;Woolf, Virginia;Die Fahrt zum Leuchtturm;Grossbritannien;Roman
994;Woolf, Virginia;Mrs. Dalloway;Grossbritannien;Roman
995;Woolf, Virginia;Der gewöhnliche Leser I;Großbritannien;Essays
996;Worm, Alfred;Jesus Christus - Eine Recherche;Deutschland;Sachbuch
997;Yalom, Irvin D. ;Die Liebe und ihr Henker;USA;Erzählungen
998;Yalom, Irvin D.| Elkin, Ginny;Jeden Tag ein bißchen näher;USA;Roman
999;Yalom, Irving D. ;Und Nietzsche weinte;USA;Roman
1000;Yates, Richard;Zeiten des Aufruhrs;USA;Roman
1001;Yoshimoto, Banana;N.P.;Japan;Roman
1002;Yoshimoto, Banana;Amrita;Japan;Roman
1003;Yourcenar, Marguerite;Mishima oder die Vision der Leere;Frankreich (Indochina);Roman
1004;Zehl Romero, Christiane;Simone de Beauvoir;Deutschland;Biographie
1005;Zenger, Erich;Einleitung in das Alte Testament (3. Aufl.);Deutschland;Fachliteratur
1006;Ziemian, Joseph;Sag bloß nicht Mosche zu mir, ich heiße Stasiek!;Polen;Roman
1007;Zimmer Bradley, Marion;Die Avalon- Trilogie;USA;Roman
1008;Zimmer Bradley, Marion;Die Feuer von Troia;USA;Roman
1009;Zimmer Bradley, Marion;Die Rückkehr nach Avalon;USA;Roman
1010;Zsolt, Béla ;Neun Koffer;Ungarn;Roman
1011;Zuckmayer, Carl;Die Fastnachstbeichte;Deutschland;Roman
1012;Zusak, Markus;Die Bücherdiebin;Australien;Roman
1013;Zweig, Stefan;"Zwei Königinnen (Maria Stuart; Marie Antoinette)";Deutschland;Roman
